﻿{"cameraMode":{"drawMode":0,"name":"Shaded","section":"Shading Mode"},"sceneLighting":true,"audioPlay":false,"sceneViewState":{"showFog":false,"showMaterialUpdate":false,"showSkybox":false,"showFlares":false,"showImageEffects":false,"showParticleSystems":true},"in2DMode":false,"pivot":{"x":0.005209490656852722,"y":0.43620944023132326,"z":0.3002157211303711},"rotation":{"x":0.01168658398091793,"y":0.02459326945245266,"z":0.0002874919737223536,"w":-0.9996291995048523},"size":2.857883930206299,"orthographic":false}